,Pathogen,Frequency Count,Percent of Total Frequency,Year,Population Group
0,Staphylococcus aureus,876,14.388961892,2018,Pediatric
1,Escherichia coli,832,13.666228647,2018,Pediatric
2,Enterococcus faecalis,524,8.607095926,2018,Pediatric
3,Staphylococcus epidermidis,425,6.980946124,2018,Pediatric
4,Klebsiella pneumoniae,397,6.521024967,2018,Pediatric
5,Pseudomonas aeruginosa,366,6.011826544,2018,Pediatric
6,Enterobacter cloacae,185,3.038764783,2018,Pediatric
7,Candida albicans,163,2.67739816,2018,Pediatric
8,Serratia marcescens,151,2.480289093,2018,Pediatric
9,"Staphylococcus, coagulase negative",148,2.431011827,2018,Pediatric
10,Enterococcus faecium,131,2.151773982,2018,Pediatric
11,Enterobacter cloacae complex,126,2.069645204,2018,Pediatric
12,Klebsiella oxytoca,108,1.773981603,2018,Pediatric
13,"Streptococcus, viridans group",102,1.67542707,2018,Pediatric
14,Candida parapsilosis,84,1.379763469,2018,Pediatric
15,Streptococcus mitis,78,1.281208936,2018,Pediatric
16,Genus Enterococcus,50,0.821287779,2018,Pediatric
17,Group B streptococcus,48,0.788436268,2018,Pediatric
18,Bacteroides fragilis,46,0.755584757,2018,Pediatric
19,Stenotrophomonas maltophilia,46,0.755584757,2018,Pediatric
20,Streptococcus mitis group,46,0.755584757,2018,Pediatric
21,Proteus mirabilis,42,0.689881735,2018,Pediatric
22,Enterobacter aerogenes,37,0.607752957,2018,Pediatric
23,Candida tropicalis,36,0.591327201,2018,Pediatric
24,Citrobacter freundii,34,0.55847569,2018,Pediatric
25,Candida glabrata,32,0.525624179,2018,Pediatric
26,Acinetobacter baumannii,30,0.492772668,2018,Pediatric
27,Klebsiella pneumoniae ss. pneumoniae,28,0.459921156,2018,Pediatric
28,Staphylococcus hominis,28,0.459921156,2018,Pediatric
29,Candida lusitaniae,25,0.41064389,2018,Pediatric
30,Lactobacillus,25,0.41064389,2018,Pediatric
31,Enterococcus gallinarum,22,0.361366623,2018,Pediatric
32,Candida krusei,21,0.344940867,2018,Pediatric
33,Enterococcus avium,20,0.328515112,2018,Pediatric
34,Rothia mucilaginosa,20,0.328515112,2018,Pediatric
35,Staphylococcus haemolyticus,20,0.328515112,2018,Pediatric
36,Clostridium tertium,17,0.279237845,2018,Pediatric
37,Propionibacterium acnes,16,0.262812089,2018,Pediatric
38,Streptococcus pneumoniae,16,0.262812089,2018,Pediatric
39,Streptococcus anginosus,16,0.262812089,2018,Pediatric
40,Granulicatella adiacens,14,0.229960578,2018,Pediatric
41,Streptococcus constellatus,14,0.229960578,2018,Pediatric
42,Bacillus,13,0.213534823,2018,Pediatric
43,Enterobacter,13,0.213534823,2018,Pediatric
44,Staphylococcus,13,0.213534823,2018,Pediatric
45,Streptococcus anginosus group,13,0.213534823,2018,Pediatric
46,Streptococcus oralis,13,0.213534823,2018,Pediatric
47,Staphylococcus warneri,12,0.197109067,2018,Pediatric
48,Candida dubliniensis,11,0.180683311,2018,Pediatric
49,Enterococcus casseliflavus,10,0.164257556,2018,Pediatric
50,Morganella morganii,10,0.164257556,2018,Pediatric
51,Capnocytophaga,9,0.1478318,2018,Pediatric
52,Capnocytophaga sputigena,9,0.1478318,2018,Pediatric
53,Streptococcus pyogenes,9,0.1478318,2018,Pediatric
54,Klebsiella,9,0.1478318,2018,Pediatric
55,Pseudomonas putida,9,0.1478318,2018,Pediatric
56,Acinetobacter,8,0.131406045,2018,Pediatric
57,Bacteroides thetaiotaomicron,8,0.131406045,2018,Pediatric
58,Fusobacterium nucleatum .,8,0.131406045,2018,Pediatric
59,Pantoea agglomerans,8,0.131406045,2018,Pediatric
60,Staphylococcus hominis hominis,8,0.131406045,2018,Pediatric
61,Citrobacter koseri,7,0.114980289,2018,Pediatric
62,Gram-positive coccus,7,0.114980289,2018,Pediatric
63,Haemophilus parainfluenzae,7,0.114980289,2018,Pediatric
64,Lactococcus lactis,7,0.114980289,2018,Pediatric
65,Leuconostoc,7,0.114980289,2018,Pediatric
66,Stenotrophomonas,7,0.114980289,2018,Pediatric
67,Abiotrophia,6,0.098554534,2018,Pediatric
68,Bacteroides ovatus,6,0.098554534,2018,Pediatric
69,Corynebacterium striatum,6,0.098554534,2018,Pediatric
70,Haemophilus influenzae,6,0.098554534,2018,Pediatric
71,Lactobacillus rhamnosus,6,0.098554534,2018,Pediatric
72,Leptotrichia,6,0.098554534,2018,Pediatric
73,Mycobacterium abscessus,6,0.098554534,2018,Pediatric
74,Bacillus species not Bacillus anthracis,5,0.082128778,2018,Pediatric
75,Beta-hemolytic streptococcus,5,0.082128778,2018,Pediatric
76,Clostridium,5,0.082128778,2018,Pediatric
77,"Streptococcus, group F",5,0.082128778,2018,Pediatric
78,Gram-negative bacillus,5,0.082128778,2018,Pediatric
79,Moraxella catarrhalis,5,0.082128778,2018,Pediatric
80,Pseudomonas fluorescens,5,0.082128778,2018,Pediatric
81,Raoultella,5,0.082128778,2018,Pediatric
82,Streptococcus,5,0.082128778,2018,Pediatric
83,Alpha-hemolytic streptococcus,4,0.065703022,2018,Pediatric
84,Alpha-hemolytic Streptococcus species not Streptococcus pneumoniae,4,0.065703022,2018,Pediatric
85,Bifidobacterium,4,0.065703022,2018,Pediatric
86,Candida  guilliermondii,4,0.065703022,2018,Pediatric
87,Candida,4,0.065703022,2018,Pediatric
88,Eikenella corrodens,4,0.065703022,2018,Pediatric
89,Enterobacter gergoviae,4,0.065703022,2018,Pediatric
90,Granulicatella,4,0.065703022,2018,Pediatric
91,Neisseria,4,0.065703022,2018,Pediatric
92,Pantoea,4,0.065703022,2018,Pediatric
93,Prevotella,4,0.065703022,2018,Pediatric
94,Raoultella ornithinolytica,4,0.065703022,2018,Pediatric
95,Serratia liquefaciens,4,0.065703022,2018,Pediatric
96,Staphylococcus capitis,4,0.065703022,2018,Pediatric
97,Staphylococcus simulans,4,0.065703022,2018,Pediatric
98,Trichosporon asahii,4,0.065703022,2018,Pediatric
99,Yeast,4,0.065703022,2018,Pediatric
100,Acinetobacter calcoaceticus-Acinetobacter baumannii complex,3,<0.1,2018,Pediatric
101,Achromobacter xylosoxidans,3,<0.1,2018,Pediatric
102,Bacteroides caccae,3,<0.1,2018,Pediatric
103,Bacteroides,3,<0.1,2018,Pediatric
104,Bacillus cereus group,3,<0.1,2018,Pediatric
105,Bacteroides fragilis group,3,<0.1,2018,Pediatric
106,Corynebacterium,3,<0.1,2018,Pediatric
107,Delftia acidovorans,3,<0.1,2018,Pediatric
108,Eggerthella lenta,3,<0.1,2018,Pediatric
109,Fusobacterium,3,<0.1,2018,Pediatric
110,Gemella haemolysans,3,<0.1,2018,Pediatric
111,Moraxella osloensis,3,<0.1,2018,Pediatric
112,Moraxella,3,<0.1,2018,Pediatric
113,Pseudomonas stutzeri,3,<0.1,2018,Pediatric
114,Abiotrophia defectiva,3,<0.1,2018,Pediatric
115,Streptococcus intermedius,3,<0.1,2018,Pediatric
116,Achromobacter,2,<0.1,2018,Pediatric
117,Achromobacter xylosoxidans xylosoxidans,2,<0.1,2018,Pediatric
118,Acinetobacter radioresistens,2,<0.1,2018,Pediatric
119,Acinetobacter ursingii,2,<0.1,2018,Pediatric
120,Acinetobacter lwoffi,2,<0.1,2018,Pediatric
121,Actinomyces odontolyticus,2,<0.1,2018,Pediatric
122,Actinomyces,2,<0.1,2018,Pediatric
123,Aeromonas,2,<0.1,2018,Pediatric
124,Acid-fast bacillus,2,<0.1,2018,Pediatric
125,Aspergillus fumigatus,2,<0.1,2018,Pediatric
126,Burkholderia cepacia,2,<0.1,2018,Pediatric
127,Candida kefyr,2,<0.1,2018,Pediatric
128,Clostridium difficile,2,<0.1,2018,Pediatric
129,Chryseobacterium indologenes,2,<0.1,2018,Pediatric
130,Citrobacter amalonaticus,2,<0.1,2018,Pediatric
131,Citrobacter braakii,2,<0.1,2018,Pediatric
132,Citrobacter youngae,2,<0.1,2018,Pediatric
133,Clostridium ramosum,2,<0.1,2018,Pediatric
134,Clostridium perfringens,2,<0.1,2018,Pediatric
135,Citrobacter,2,<0.1,2018,Pediatric
136,Elizabethkingia meningoseptica,2,<0.1,2018,Pediatric
137,Enterobacter asburiae,2,<0.1,2018,Pediatric
138,Enterococcus raffinosus,2,<0.1,2018,Pediatric
139,Finegoldia magna,2,<0.1,2018,Pediatric
140,Fusarium,2,<0.1,2018,Pediatric
141,"Streptococcus, group D",2,<0.1,2018,Pediatric
142,Geotrichum,2,<0.1,2018,Pediatric
143,Gram-positive bacillus,2,<0.1,2018,Pediatric
144,gamma-hemolytic streptococcus,2,<0.1,2018,Pediatric
145,Klebsiella variicola,2,<0.1,2018,Pediatric
146,Lactobacillus acidophilus,2,<0.1,2018,Pediatric
147,Leclercia adecarboxylata,2,<0.1,2018,Pediatric
148,Leptotrichia trevisanii,2,<0.1,2018,Pediatric
149,Malassezia,2,<0.1,2018,Pediatric
150,Micrococcus luteus,2,<0.1,2018,Pediatric
151,Moraxella nonliquefaciens,2,<0.1,2018,Pediatric
152,Mycobacterium,2,<0.1,2018,Pediatric
153,Neisseria elongata,2,<0.1,2018,Pediatric
154,Neisseria mucosa,2,<0.1,2018,Pediatric
155,Paenibacillus,2,<0.1,2018,Pediatric
156,Penicillium,2,<0.1,2018,Pediatric
157,Prevotella disiens,2,<0.1,2018,Pediatric
158,Pseudomonas oryzihabitans,2,<0.1,2018,Pediatric
159,Rothia,2,<0.1,2018,Pediatric
160,Saccharomyces cerevisiae,2,<0.1,2018,Pediatric
161,"Serratia marcescens, Biogroup I",2,<0.1,2018,Pediatric
162,"Beta-hemolytic streptococcus, non-Group A, non-Group B",2,<0.1,2018,Pediatric
163,Elastase-producing strain Staphylococcus epidermidis,2,<0.1,2018,Pediatric
164,Staphylococcus lugdunensis,2,<0.1,2018,Pediatric
165,Streptococcus salivarius group,2,<0.1,2018,Pediatric
166,Streptococcus sanguinis,2,<0.1,2018,Pediatric
167,Aspergillus flavus,1,<0.1,2018,Pediatric
168,Aeromonas hydrophila,1,<0.1,2018,Pediatric
169,Anaerobic Gram-negative bacillus,1,<0.1,2018,Pediatric
170,Anaerobe,1,<0.1,2018,Pediatric
171,Aspergillus,1,<0.1,2018,Pediatric
172,Atopobium minutum,1,<0.1,2018,Pediatric
173,Bacillus licheniformis,1,<0.1,2018,Pediatric
174,Bacteroides uniformis,1,<0.1,2018,Pediatric
175,Bacteroides vulgatus,1,<0.1,2018,Pediatric
176,Bacillus cereus,1,<0.1,2018,Pediatric
177,Brevundimonas diminuta,1,<0.1,2018,Pediatric
178,Brevibacillus,1,<0.1,2018,Pediatric
179,Bacillus sporothermodurans,1,<0.1,2018,Pediatric
180,Bacillus subtilis,1,<0.1,2018,Pediatric
181,Burkholderia cenocepacia,1,<0.1,2018,Pediatric
182,Burkholderia cepacia complex,1,<0.1,2018,Pediatric
183,Candida catenulata,1,<0.1,2018,Pediatric
184,Candida famata,1,<0.1,2018,Pediatric
185,Candida pelliculosa,1,<0.1,2018,Pediatric
186,Candida stellatoidea,1,<0.1,2018,Pediatric
187,Chryseobacterium gleum,1,<0.1,2018,Pediatric
188,Chromobacterium violaceum,1,<0.1,2018,Pediatric
189,Chryseomonas luteola,1,<0.1,2018,Pediatric
190,Citrobacter sedlakii,1,<0.1,2018,Pediatric
191,Cladosporium,1,<0.1,2018,Pediatric
192,Clostridium clostridioforme,1,<0.1,2018,Pediatric
193,Clostridium hathewayi,1,<0.1,2018,Pediatric
194,Clostridium paraputrificum,1,<0.1,2018,Pediatric
195,Clostridium septicum,1,<0.1,2018,Pediatric
196,Clostridium sporogenes,1,<0.1,2018,Pediatric
197,Clostridium symbiosum,1,<0.1,2018,Pediatric
198,Corynebacterium amycolatum,1,<0.1,2018,Pediatric
199,Corynebacterium jeikeium,1,<0.1,2018,Pediatric
200,Coliform  bacteria,1,<0.1,2018,Pediatric
201,"Staphylococcus, coagulase positive",1,<0.1,2018,Pediatric
202,Diphtheroids,1,<0.1,2018,Pediatric
203,Enteropathogenic Escherichia coli,1,<0.1,2018,Pediatric
204,Elizabethkingia,1,<0.1,2018,Pediatric
205,Enterobacteriaceae,1,<0.1,2018,Pediatric
206,Enterococcus durans,1,<0.1,2018,Pediatric
207,Enterobacter hormaechei,1,<0.1,2018,Pediatric
208,Enterococcus hirae,1,<0.1,2018,Pediatric
209,Escherichia,1,<0.1,2018,Pediatric
210,Ewingella americana,1,<0.1,2018,Pediatric
211,Finegoldia,1,<0.1,2018,Pediatric
212,Fusobacterium varium,1,<0.1,2018,Pediatric
213,Gemella sanguinis,1,<0.1,2018,Pediatric
214,Gemella,1,<0.1,2018,Pediatric
215,Fermentative Gram-negative bacillus,1,<0.1,2018,Pediatric
216,Non-fermentative Gram-negative bacillus,1,<0.1,2018,Pediatric
217,Hafnia alvei,1,<0.1,2018,Pediatric
218,Kingella kingae,1,<0.1,2018,Pediatric
219,Klebsiella pneumoniae ss. rhinoscleromatis,1,<0.1,2018,Pediatric
220,Kocuria kristinae,1,<0.1,2018,Pediatric
221,Lactobacillus casei,1,<0.1,2018,Pediatric
222,Lactobacillus fermentum,1,<0.1,2018,Pediatric
223,Lactococcus,1,<0.1,2018,Pediatric
224,Leptotrichia buccalis,1,<0.1,2018,Pediatric
225,Macrococcus,1,<0.1,2018,Pediatric
226,Methylobacterium spp.,1,<0.1,2018,Pediatric
227,Mold,1,<0.1,2018,Pediatric
228,"Morganella morganii, biogroup 1",1,<0.1,2018,Pediatric
229,Morganella morganii  subsp sibonii,1,<0.1,2018,Pediatric
230,Mycoplasma hominis,1,<0.1,2018,Pediatric
231,Mycobacterium massiliense,1,<0.1,2018,Pediatric
232,Mycobacterium mucogenicum,1,<0.1,2018,Pediatric
233,Mycobacterium smegmatis,1,<0.1,2018,Pediatric
234,Neisseria flavescens,1,<0.1,2018,Pediatric
235,Neisseria subflava,1,<0.1,2018,Pediatric
236,Peptoniphilus asaccharolyticus,1,<0.1,2018,Pediatric
237,Peptostreptococcus micros,1,<0.1,2018,Pediatric
238,Prevotella bivia,1,<0.1,2018,Pediatric
239,Prevotella loescheii,1,<0.1,2018,Pediatric
240,Prevotella melaninogenica,1,<0.1,2018,Pediatric
241,Propionibacterium,1,<0.1,2018,Pediatric
242,Providencia stuartii,1,<0.1,2018,Pediatric
243,Pseudomonas,1,<0.1,2018,Pediatric
244,Proteus,1,<0.1,2018,Pediatric
245,Proteus vulgaris,1,<0.1,2018,Pediatric
246,Ralstonia paucula,1,<0.1,2018,Pediatric
247,Ralstonia picketti,1,<0.1,2018,Pediatric
248,Ralstonia,1,<0.1,2018,Pediatric
249,Raoultella planticola,1,<0.1,2018,Pediatric
250,Rhizobium radiobacter,1,<0.1,2018,Pediatric
251,Rothia dentocariosa,1,<0.1,2018,Pediatric
252,Salmonella,1,<0.1,2018,Pediatric
253,"Streptococcus, group C",1,<0.1,2018,Pediatric
254,Sphingobacterium multivorum,1,<0.1,2018,Pediatric
255,Sphingomonas paucimobilis,1,<0.1,2018,Pediatric
256,Sphingomonas parapaucimobilis,1,<0.1,2018,Pediatric
257,Sphingomonas,1,<0.1,2018,Pediatric
258,Serratia,1,<0.1,2018,Pediatric
259,Staphylococcus intermedius,1,<0.1,2018,Pediatric
260,Staphylococcus saccharolyticus,1,<0.1,2018,Pediatric
261,Streptococcus bovis group,1,<0.1,2018,Pediatric
262,Streptococcus dysgalactiae,1,<0.1,2018,Pediatric
263,Streptococcus parasanguinis,1,<0.1,2018,Pediatric
264,Streptococcus sanguinis group,1,<0.1,2018,Pediatric
265,Streptococcus salivarius subsp. salivarius,1,<0.1,2018,Pediatric
266,Streptococcus salivarius,1,<0.1,2018,Pediatric
267,Trichosporon mucoides,1,<0.1,2018,Pediatric
268,Veillonella parvula,1,<0.1,2018,Pediatric
269,Wangiella dermatitidis,1,<0.1,2018,Pediatric
270,Staphylococcus aureus,856,14.972887878,2019,Pediatric
271,Escherichia coli,734,12.838901522,2019,Pediatric
272,Enterococcus faecalis,483,8.448486969,2019,Pediatric
273,Staphylococcus epidermidis,422,7.38149379,2019,Pediatric
274,Pseudomonas aeruginosa,371,6.489417527,2019,Pediatric
275,Klebsiella pneumoniae,304,5.3174742,2019,Pediatric
276,Enterobacter cloacae complex,161,2.816162323,2019,Pediatric
277,Candida albicans,148,2.588770334,2019,Pediatric
278,Serratia marcescens,138,2.41385342,2019,Pediatric
279,"Staphylococcus, coagulase negative",124,2.168969739,2019,Pediatric
280,Enterobacter cloacae,113,1.976561133,2019,Pediatric
281,Klebsiella oxytoca,102,1.784152528,2019,Pediatric
282,Enterococcus faecium,101,1.766660836,2019,Pediatric
283,"Streptococcus, viridans group",81,1.416827007,2019,Pediatric
284,Candida parapsilosis,79,1.381843624,2019,Pediatric
285,Streptococcus mitis,68,1.189435018,2019,Pediatric
286,Streptococcus mitis group,65,1.136959944,2019,Pediatric
287,Klebsiella pneumoniae ss. pneumoniae,50,0.874584572,2019,Pediatric
288,Stenotrophomonas maltophilia,48,0.839601189,2019,Pediatric
289,Bacteroides fragilis,40,0.699667658,2019,Pediatric
290,Group B streptococcus,39,0.682175966,2019,Pediatric
291,Enterobacter aerogenes,37,0.647192584,2019,Pediatric
292,Proteus mirabilis,31,0.542242435,2019,Pediatric
293,Candida lusitaniae,30,0.524750743,2019,Pediatric
294,Citrobacter freundii,30,0.524750743,2019,Pediatric
295,Candida glabrata,30,0.524750743,2019,Pediatric
296,Genus Enterococcus,30,0.524750743,2019,Pediatric
297,Rothia mucilaginosa,29,0.507259052,2019,Pediatric
298,Staphylococcus haemolyticus,28,0.489767361,2019,Pediatric
299,Enterococcus gallinarum,27,0.472275669,2019,Pediatric
300,Staphylococcus hominis,27,0.472275669,2019,Pediatric
301,Candida tropicalis,21,0.36732552,2019,Pediatric
302,Lactobacillus,21,0.36732552,2019,Pediatric
303,Granulicatella adiacens,19,0.332342137,2019,Pediatric
304,Acinetobacter baumannii,18,0.314850446,2019,Pediatric
305,Streptococcus oralis,18,0.314850446,2019,Pediatric
306,Streptococcus anginosus,18,0.314850446,2019,Pediatric
307,Enterococcus avium,16,0.279867063,2019,Pediatric
308,Streptococcus anginosus group,16,0.279867063,2019,Pediatric
309,Candida dubliniensis,13,0.227391989,2019,Pediatric
310,Candida krusei,13,0.227391989,2019,Pediatric
311,Enterobacter,13,0.227391989,2019,Pediatric
312,Streptococcus pneumoniae,13,0.227391989,2019,Pediatric
313,Streptococcus constellatus,13,0.227391989,2019,Pediatric
314,Acinetobacter,12,0.209900297,2019,Pediatric
315,Bacillus,12,0.209900297,2019,Pediatric
316,Klebsiella,12,0.209900297,2019,Pediatric
317,Lactobacillus rhamnosus,12,0.209900297,2019,Pediatric
318,Fusobacterium nucleatum,12,0.209900297,2019,Pediatric
319,Bacteroides fragilis group,11,0.192408606,2019,Pediatric
320,Clostridium,11,0.192408606,2019,Pediatric
321,Haemophilus influenzae,11,0.192408606,2019,Pediatric
322,Pseudomonas putida,11,0.192408606,2019,Pediatric
323,Yeast,11,0.192408606,2019,Pediatric
324,Candida guilliermondii,10,0.174916914,2019,Pediatric
325,Staphylococcus capitis,10,0.174916914,2019,Pediatric
326,Staphylococcus warneri,10,0.174916914,2019,Pediatric
327,Candida,9,0.157425223,2019,Pediatric
328,Enterococcus casseliflavus,9,0.157425223,2019,Pediatric
329,Morganella morganii,9,0.157425223,2019,Pediatric
330,Acinetobacter calcoaceticus-Acinetobacter baumannii complex,8,0.139933532,2019,Pediatric
331,Bacteroides thetaiotaomicron,8,0.139933532,2019,Pediatric
332,Capnocytophaga sputigena,8,0.139933532,2019,Pediatric
333,Achromobacter xylosoxidans,7,0.12244184,2019,Pediatric
334,Clostridium tertium,7,0.12244184,2019,Pediatric
335,Fusobacterium nucleatum,7,0.12244184,2019,Pediatric
336,Streptococcus pyogenes,7,0.12244184,2019,Pediatric
337,Klebsiella variicola,7,0.12244184,2019,Pediatric
338,Neisseria,7,0.12244184,2019,Pediatric
339,Pantoea,7,0.12244184,2019,Pediatric
340,Staphylococcus,7,0.12244184,2019,Pediatric
341,Streptococcus,7,0.12244184,2019,Pediatric
342,Acinetobacter lwoffi,6,0.104950149,2019,Pediatric
343,Bacteroides ovatus,6,0.104950149,2019,Pediatric
344,Citrobacter koseri,6,0.104950149,2019,Pediatric
345,Gram-positive bacillus,6,0.104950149,2019,Pediatric
346,Pantoea agglomerans,6,0.104950149,2019,Pediatric
347,Staphylococcus hominis hominis,6,0.104950149,2019,Pediatric
348,Candida famata,5,0.087458457,2019,Pediatric
349,Capnocytophaga,5,0.087458457,2019,Pediatric
350,Citrobacter,5,0.087458457,2019,Pediatric
351,Pluralibacter gergoviae,5,0.087458457,2019,Pediatric
352,Eggerthella lenta,5,0.087458457,2019,Pediatric
353,Gemella,5,0.087458457,2019,Pediatric
354,Gram-positive coccus,5,0.087458457,2019,Pediatric
355,Haemophilus parainfluenzae,5,0.087458457,2019,Pediatric
356,Leptotrichia trevisanii,5,0.087458457,2019,Pediatric
357,Prevotella,5,0.087458457,2019,Pediatric
358,Pseudomonas,5,0.087458457,2019,Pediatric
359,Peptostreptococcus,5,0.087458457,2019,Pediatric
360,Raoultella ornithinolytica,5,0.087458457,2019,Pediatric
361,Streptococcus intermedius,5,0.087458457,2019,Pediatric
362,Anaerobe,4,0.069966766,2019,Pediatric
363,Parabacteroides distasonis,4,0.069966766,2019,Pediatric
364,Bacillus species not Bacillus anthracis,4,0.069966766,2019,Pediatric
365,Bacillus cereus,4,0.069966766,2019,Pediatric
366,Clostridium innocuum,4,0.069966766,2019,Pediatric
367,Corynebacterium,4,0.069966766,2019,Pediatric
368,Gemella haemolysans,4,0.069966766,2019,Pediatric
369,Granulicatella,4,0.069966766,2019,Pediatric
370,Moraxella catarrhalis,4,0.069966766,2019,Pediatric
371,Moraxella,4,0.069966766,2019,Pediatric
372,Staphylococcus lugdunensis,4,0.069966766,2019,Pediatric
373,Streptococcus sanguinis,4,0.069966766,2019,Pediatric
374,Anaerobic Gram-positive bacillus,3,0.0524751,2019,Pediatric
375,Aspergillus fumigatus,3,0.0524751,2019,Pediatric
376,Bacteroides vulgatus,3,0.0524751,2019,Pediatric
377,Bifidobacterium,3,0.0524751,2019,Pediatric
378,Candida guilliermondii var membranaefaciens,3,0.0524751,2019,Pediatric
379,Clostridium ramosum,3,0.0524751,2019,Pediatric
380,Clostridium perfringens,3,0.0524751,2019,Pediatric
381,Corynebacterium striatum,3,0.0524751,2019,Pediatric
382,Elizabethkingia meningoseptica,3,0.0524751,2019,Pediatric
383,Enterococcus durans,3,0.0524751,2019,Pediatric
384,Enterococcus raffinosus,3,0.0524751,2019,Pediatric
385,"Escherichia coli, inactive",3,0.0524751,2019,Pediatric
386,Fusobacterium,3,0.0524751,2019,Pediatric
387,Lactobacillus plantarum,3,0.0524751,2019,Pediatric
388,Leptotrichia,3,0.0524751,2019,Pediatric
389,Moraxella nonliquefaciens,3,0.0524751,2019,Pediatric
390,Mycobacterium abscessus,3,0.0524751,2019,Pediatric
391,Propionibacterium,3,0.0524751,2019,Pediatric
392,Proteus,3,0.0524751,2019,Pediatric
393,"Serratia marcescens, Biogroup I",3,0.0524751,2019,Pediatric
394,Serratia liquefaciens,3,0.0524751,2019,Pediatric
395,Streptococcus parasanguinis,3,0.0524751,2019,Pediatric
396,Streptococcus salivarius,3,0.0524751,2019,Pediatric
397,Veillonella,3,0.0524751,2019,Pediatric
398,Abiotrophia,2,<0.1,2019,Pediatric
399,Aeromonas hydrophila,2,<0.1,2019,Pediatric
400,Anaerobic Gram-negative bacillus,2,<0.1,2019,Pediatric
401,Bacteroides uniformis,2,<0.1,2019,Pediatric
402,Bacteroides,2,<0.1,2019,Pediatric
403,Bacillus cereus group,2,<0.1,2019,Pediatric
404,Beta-hemolytic streptococcus,2,<0.1,2019,Pediatric
405,Candida kefyr,2,<0.1,2019,Pediatric
406,Candida stellatoidea,2,<0.1,2019,Pediatric
407,Clostridium clostridioforme,2,<0.1,2019,Pediatric
408,Corynebacterium amycolatum,2,<0.1,2019,Pediatric
409,Cronobacter sakazakii,2,<0.1,2019,Pediatric
410,Eikenella corrodens,2,<0.1,2019,Pediatric
411,Enterobacteriaceae,2,<0.1,2019,Pediatric
412,Enterobacter kobei,2,<0.1,2019,Pediatric
413,Escherichia,2,<0.1,2019,Pediatric
414,Finegoldia magna,2,<0.1,2019,Pediatric
415,Flavobacterium,2,<0.1,2019,Pediatric
416,Fungus,2,<0.1,2019,Pediatric
417,Fusobacterium nucleatum ss nucleatum,2,<0.1,2019,Pediatric
418,"Streptococcus, group F",2,<0.1,2019,Pediatric
419,Gram-negative bacillus,2,<0.1,2019,Pediatric
420,Kocuria kristinae,2,<0.1,2019,Pediatric
421,Lactobacillus acidophilus,2,<0.1,2019,Pediatric
422,Lactococcus lactis,2,<0.1,2019,Pediatric
423,Leclercia adecarboxylata,2,<0.1,2019,Pediatric
424,Mold,2,<0.1,2019,Pediatric
425,Moraxella osloensis,2,<0.1,2019,Pediatric
426,Mycobacterium mucogenicum,2,<0.1,2019,Pediatric
427,Neisseria mucosa,2,<0.1,2019,Pediatric
428,Neisseria sicca,2,<0.1,2019,Pediatric
429,Penicillium,2,<0.1,2019,Pediatric
430,Prevotella intermedia,2,<0.1,2019,Pediatric
431,Prevotella melaninogenica,2,<0.1,2019,Pediatric
432,Providencia stuartii,2,<0.1,2019,Pediatric
433,Proteus penneri,2,<0.1,2019,Pediatric
434,Rhodotorula,2,<0.1,2019,Pediatric
435,Staphylococcus saprophyticus,2,<0.1,2019,Pediatric
436,Staphylococcus simulans,2,<0.1,2019,Pediatric
437,Abiotrophia defectiva,2,<0.1,2019,Pediatric
438,Streptococcus salivarius group,2,<0.1,2019,Pediatric
439,Streptococcus gordonii,2,<0.1,2019,Pediatric
440,Trichosporon asahii,2,<0.1,2019,Pediatric
441,Achromobacter denitrificans,1,<0.1,2019,Pediatric
442,Achromobacter,1,<0.1,2019,Pediatric
443,Acinetobacter ursingii,1,<0.1,2019,Pediatric
444,Acinetobacter junii,1,<0.1,2019,Pediatric
445,Actinomyces odontolyticus,1,<0.1,2019,Pediatric
446,Actinomyces turicensis,1,<0.1,2019,Pediatric
447,Aerococcus,1,<0.1,2019,Pediatric
448,Aeromonas,1,<0.1,2019,Pediatric
449,Aggregatibacter segnis,1,<0.1,2019,Pediatric
450,Alcaligenes faecalis,1,<0.1,2019,Pediatric
451,Anaerobic Gram-positive coccus,1,<0.1,2019,Pediatric
452,Alpha-hemolytic Streptococcus species not Streptococcus pneumoniae,1,<0.1,2019,Pediatric
453,Aspergillus niger,1,<0.1,2019,Pediatric
454,Bacteroides caccae,1,<0.1,2019,Pediatric
455,Bacillus megaterium,1,<0.1,2019,Pediatric
456,Odoribacter splanchnicus,1,<0.1,2019,Pediatric
457,Bifidobacterium dentium,1,<0.1,2019,Pediatric
458,Bipolaris,1,<0.1,2019,Pediatric
459,Brevibacterium casei,1,<0.1,2019,Pediatric
460,Burkholderia cepacia,1,<0.1,2019,Pediatric
461,Burkholderia cepacia complex,1,<0.1,2019,Pediatric
462,Burkholderia,1,<0.1,2019,Pediatric
463,Candida ciferrii,1,<0.1,2019,Pediatric
464,Candida pelliculosa,1,<0.1,2019,Pediatric
465,Candida rugosa,1,<0.1,2019,Pediatric
466,Capnocytophaga cynodegmi,1,<0.1,2019,Pediatric
467,Capnocytophaga gingivalis,1,<0.1,2019,Pediatric
468,Chryseobacterium indologenes,1,<0.1,2019,Pediatric
469,Chryseobacterium,1,<0.1,2019,Pediatric
470,Chryseomonas luteola,1,<0.1,2019,Pediatric
471,Citrobacter amalonaticus,1,<0.1,2019,Pediatric
472,Citrobacter braakii,1,<0.1,2019,Pediatric
473,Clostridium bifermentans,1,<0.1,2019,Pediatric
474,Clostridium butyricum,1,<0.1,2019,Pediatric
475,Clostridium fallax,1,<0.1,2019,Pediatric
476,"Clostridium species, not Clostridium perfringens",1,<0.1,2019,Pediatric
477,Clostridium septicum,1,<0.1,2019,Pediatric
478,Clostridium sporogenes,1,<0.1,2019,Pediatric
479,Comamonas testosteroni,1,<0.1,2019,Pediatric
480,Cupriavidus pauculus,1,<0.1,2019,Pediatric
481,Diphtheroids,1,<0.1,2019,Pediatric
482,Eggerthella,1,<0.1,2019,Pediatric
483,Eikenella,1,<0.1,2019,Pediatric
484,Enterobacter asburiae,1,<0.1,2019,Pediatric
485,Enterobacter cancerogenus,1,<0.1,2019,Pediatric
486,Enterobacter hormaechei,1,<0.1,2019,Pediatric
487,Eubacterium,1,<0.1,2019,Pediatric
488,Finegoldia,1,<0.1,2019,Pediatric
489,Fusobacterium necrophorum,1,<0.1,2019,Pediatric
490,"Streptococcus, group D",1,<0.1,2019,Pediatric
491,Gemella sanguinis,1,<0.1,2019,Pediatric
492,"Streptococcus, group G",1,<0.1,2019,Pediatric
493,Gram-positive diplococcus,1,<0.1,2019,Pediatric
494,gamma-hemolytic streptococcus,1,<0.1,2019,Pediatric
495,"Haemophilus parainfluenzae, biotype I",1,<0.1,2019,Pediatric
496,"Haemophilus influenzae, not b",1,<0.1,2019,Pediatric
497,Klebsiella pneumoniae ss. ozaenae,1,<0.1,2019,Pediatric
498,Lactobacillus casei,1,<0.1,2019,Pediatric
499,Lactococcus,1,<0.1,2019,Pediatric
500,Leptotrichia buccalis,1,<0.1,2019,Pediatric
501,Leuconostoc lactis,1,<0.1,2019,Pediatric
502,Leuconostoc mesenteroides,1,<0.1,2019,Pediatric
503,Malassezia,1,<0.1,2019,Pediatric
504,Malassezia furfur,1,<0.1,2019,Pediatric
505,Micrococcus,1,<0.1,2019,Pediatric
506,Micrococcus luteus,1,<0.1,2019,Pediatric
507,Mucor,1,<0.1,2019,Pediatric
508,Mycobacterium canariasense,1,<0.1,2019,Pediatric
509,Mycobacterium chelonae,1,<0.1,2019,Pediatric
510,Neisseria flavescens,1,<0.1,2019,Pediatric
511,Neisseria lactamica,1,<0.1,2019,Pediatric
512,Neisseria polysaccharea,1,<0.1,2019,Pediatric
513,Neisseria subflava,1,<0.1,2019,Pediatric
514,Ochrobactrum anthropi,1,<0.1,2019,Pediatric
515,Paenibacillus,1,<0.1,2019,Pediatric
516,Paracoccus,1,<0.1,2019,Pediatric
517,Parvimonas micra,1,<0.1,2019,Pediatric
518,Parvimonas,1,<0.1,2019,Pediatric
519,Peptoniphilus asaccharolyticus,1,<0.1,2019,Pediatric
520,Peptoniphilus harei,1,<0.1,2019,Pediatric
521,Pseudomonas fluorescens,1,<0.1,2019,Pediatric
522,Prevotella oralis,1,<0.1,2019,Pediatric
523,Peptostreptococcus anaerobius,1,<0.1,2019,Pediatric
524,Pseudozyma,1,<0.1,2019,Pediatric
525,Pseudomonas oryzihabitans,1,<0.1,2019,Pediatric
526,Pseudomonas stutzeri,1,<0.1,2019,Pediatric
527,Raoultella,1,<0.1,2019,Pediatric
528,Rhodotorula glutinis,1,<0.1,2019,Pediatric
529,Rothia,1,<0.1,2019,Pediatric
530,Saprochaete,1,<0.1,2019,Pediatric
531,Salmonella,1,<0.1,2019,Pediatric
532,"Streptococcus, group C",1,<0.1,2019,Pediatric
533,Sphingomonas parapaucimobilis,1,<0.1,2019,Pediatric
534,Sporosarcina,1,<0.1,2019,Pediatric
535,Staphylococcus caprae,1,<0.1,2019,Pediatric
536,Elastase-producing strain Staphylococcus epidermidis,1,<0.1,2019,Pediatric
537,Staphylococcus hominis novobiosepticus,1,<0.1,2019,Pediatric
538,Staphylococcus pettenkoferi,1,<0.1,2019,Pediatric
539,Staphylococcus pseudintermedius,1,<0.1,2019,Pediatric
540,Stenotrophomonas,1,<0.1,2019,Pediatric
541,Streptococcus bovis group,1,<0.1,2019,Pediatric
542,Streptococcus cristatus,1,<0.1,2019,Pediatric
543,Streptomyces,1,<0.1,2019,Pediatric
544,Streptococcus gallolyticus,1,<0.1,2019,Pediatric
545,Streptococcus uberis,1,<0.1,2019,Pediatric
546,Trichosporon,1,<0.1,2019,Pediatric
547,Wangiella dermatitidis,1,<0.1,2019,Pediatric
548,Weissella confusa,1,<0.1,2019,Pediatric
549,Staphylococcus aureus,746,14.36825886,2020,Pediatric
550,Escherichia coli,650,12.519260401,2020,Pediatric
551,Enterococcus faecalis,476,9.167950693,2020,Pediatric
552,Staphylococcus epidermidis,425,8.185670262,2020,Pediatric
553,Pseudomonas aeruginosa,318,6.124807396,2020,Pediatric
554,Klebsiella pneumoniae,266,5.123266564,2020,Pediatric
555,Serratia marcescens,138,2.657935285,2020,Pediatric
556,Enterobacter cloacae complex,124,2.388289676,2020,Pediatric
557,Enterobacter cloacae,115,2.214946071,2020,Pediatric
558,Klebsiella oxytoca,111,2.137904468,2020,Pediatric
559,Candida albicans,108,2.080123267,2020,Pediatric
560,"Staphylococcus, coagulase negative",86,1.656394453,2020,Pediatric
561,Candida parapsilosis,71,1.367488444,2020,Pediatric
562,Streptococcus mitis,71,1.367488444,2020,Pediatric
563,Enterococcus faecium,70,1.348228043,2020,Pediatric
564,"Streptococcus, viridans group",69,1.328967643,2020,Pediatric
565,Streptococcus mitis group,50,0.963020031,2020,Pediatric
566,Klebsiella aerogenes,41,0.789676425,2020,Pediatric
567,Stenotrophomonas maltophilia,39,0.751155624,2020,Pediatric
568,Klebsiella pneumoniae ss. pneumoniae,37,0.712634823,2020,Pediatric
569,Group B streptococcus,34,0.654853621,2020,Pediatric
570,Proteus mirabilis,31,0.597072419,2020,Pediatric
571,Bacteroides fragilis,30,0.577812018,2020,Pediatric
572,Granulicatella adiacens,30,0.577812018,2020,Pediatric
573,Candida glabrata,28,0.539291217,2020,Pediatric
574,Citrobacter freundii,26,0.500770416,2020,Pediatric
575,Candida tropicalis,25,0.481510015,2020,Pediatric
576,Genus Enterococcus,25,0.481510015,2020,Pediatric
577,Lactobacillus,24,0.462249615,2020,Pediatric
578,Rothia mucilaginosa,21,0.404468413,2020,Pediatric
579,Acinetobacter,19,0.365947612,2020,Pediatric
580,Enterococcus gallinarum,19,0.365947612,2020,Pediatric
581,Gram-positive coccus,19,0.365947612,2020,Pediatric
582,Staphylococcus hominis,19,0.365947612,2020,Pediatric
583,Klebsiella,18,0.346687211,2020,Pediatric
584,Acinetobacter baumannii,17,0.32742681,2020,Pediatric
585,Candida lusitaniae,17,0.32742681,2020,Pediatric
586,Staphylococcus haemolyticus,17,0.32742681,2020,Pediatric
587,Citrobacter koseri,16,0.30816641,2020,Pediatric
588,Enterobacter,16,0.30816641,2020,Pediatric
589,Streptococcus anginosus,16,0.30816641,2020,Pediatric
590,Clostridium tertium,15,0.288906009,2020,Pediatric
591,Streptococcus pneumoniae,15,0.288906009,2020,Pediatric
592,Streptococcus anginosus group,15,0.288906009,2020,Pediatric
593,Bacteroides thetaiotaomicron,14,0.269645609,2020,Pediatric
594,Cutibacterium acnes,14,0.269645609,2020,Pediatric
595,Staphylococcus capitis,14,0.269645609,2020,Pediatric
596,Streptococcus oralis,14,0.269645609,2020,Pediatric
597,Candida krusei,12,0.231124807,2020,Pediatric
598,Yeast,12,0.231124807,2020,Pediatric
599,Gram-negative bacillus,11,0.211864407,2020,Pediatric
600,Streptococcus constellatus,11,0.211864407,2020,Pediatric
601,Enterococcus avium,10,0.192604006,2020,Pediatric
602,Staphylococcus,10,0.192604006,2020,Pediatric
603,Bacteroides fragilis group,9,0.173343606,2020,Pediatric
604,Klebsiella variicola,9,0.173343606,2020,Pediatric
605,Morganella morganii,9,0.173343606,2020,Pediatric
606,Pantoea,9,0.173343606,2020,Pediatric
607,Bacillus cereus,8,0.154083205,2020,Pediatric
608,Gemella haemolysans,8,0.154083205,2020,Pediatric
609,Staphylococcus lugdunensis,8,0.154083205,2020,Pediatric
610,Candida guilliermondii,7,0.134822804,2020,Pediatric
611,Leptotrichia,7,0.134822804,2020,Pediatric
612,Streptococcus salivarius,7,0.134822804,2020,Pediatric
613,Streptococcus intermedius,7,0.134822804,2020,Pediatric
614,Bacillus,6,0.115562404,2020,Pediatric
615,Candida dubliniensis,6,0.115562404,2020,Pediatric
616,Clostridium innocuum,6,0.115562404,2020,Pediatric
617,Diphtheroids,6,0.115562404,2020,Pediatric
618,Enterobacter hormaechei,6,0.115562404,2020,Pediatric
619,Gemella,6,0.115562404,2020,Pediatric
620,Pseudomonas stutzeri,6,0.115562404,2020,Pediatric
621,Rothia,6,0.115562404,2020,Pediatric
622,Staphylococcus warneri,6,0.115562404,2020,Pediatric
623,Streptococcus,6,0.115562404,2020,Pediatric
624,Acinetobacter calcoaceticus-Acinetobacter baumannii complex,5,0.096302003,2020,Pediatric
625,Bacteroides,5,0.096302003,2020,Pediatric
626,Candida parapsilosis complex,5,0.096302003,2020,Pediatric
627,Capnocytophaga,5,0.096302003,2020,Pediatric
628,Capnocytophaga sputigena,5,0.096302003,2020,Pediatric
629,Clostridium,5,0.096302003,2020,Pediatric
630,Citrobacter,5,0.096302003,2020,Pediatric
631,Pluralibacter gergoviae,5,0.096302003,2020,Pediatric
632,Neisseria,5,0.096302003,2020,Pediatric
633,Streptococcus salivarius group,5,0.096302003,2020,Pediatric
634,Streptococcus sanguinis,5,0.096302003,2020,Pediatric
635,Anaerobe,4,0.077041602,2020,Pediatric
636,Candida,4,0.077041602,2020,Pediatric
637,Clostridioides difficile,4,0.077041602,2020,Pediatric
638,Corynebacterium jeikeium,4,0.077041602,2020,Pediatric
639,Corynebacterium striatum,4,0.077041602,2020,Pediatric
640,Eikenella corrodens,4,0.077041602,2020,Pediatric
641,Enterococcus casseliflavus,4,0.077041602,2020,Pediatric
642,Streptococcus pyogenes,4,0.077041602,2020,Pediatric
643,"Streptococcus, group F",4,0.077041602,2020,Pediatric
644,Gram-positive bacillus,4,0.077041602,2020,Pediatric
645,Lactobacillus rhamnosus,4,0.077041602,2020,Pediatric
646,Micrococcus luteus,4,0.077041602,2020,Pediatric
647,Prevotella,4,0.077041602,2020,Pediatric
648,Pseudomonas,4,0.077041602,2020,Pediatric
649,Rhizobium radiobacter,4,0.077041602,2020,Pediatric
650,Saccharomyces cerevisiae,4,0.077041602,2020,Pediatric
651,Serratia,4,0.077041602,2020,Pediatric
652,Acinetobacter radioresistens,3,0.0577812,2020,Pediatric
653,Acinetobacter ursingii,3,0.0577812,2020,Pediatric
654,Actinomyces odontolyticus,3,0.0577812,2020,Pediatric
655,Parabacteroides distasonis,3,0.0577812,2020,Pediatric
656,Bifidobacterium,3,0.0577812,2020,Pediatric
657,Beta-hemolytic streptococcus,3,0.0577812,2020,Pediatric
658,Citrobacter braakii,3,0.0577812,2020,Pediatric
659,Clostridium clostridioforme,3,0.0577812,2020,Pediatric
660,Clostridium septicum,3,0.0577812,2020,Pediatric
661,Corynebacterium,3,0.0577812,2020,Pediatric
662,Enterococcus durans,3,0.0577812,2020,Pediatric
663,Escherichia,3,0.0577812,2020,Pediatric
664,Fusobacterium nucleatum,3,0.0577812,2020,Pediatric
665,Haemophilus influenzae,3,0.0577812,2020,Pediatric
666,Haemophilus parainfluenzae,3,0.0577812,2020,Pediatric
667,Lactococcus lactis,3,0.0577812,2020,Pediatric
668,Neisseria flavescens,3,0.0577812,2020,Pediatric
669,Pantoea agglomerans,3,0.0577812,2020,Pediatric
670,Pseudomonas putida,3,0.0577812,2020,Pediatric
671,Raoultella ornithinolytica,3,0.0577812,2020,Pediatric
672,Staphylococcus hominis hominis,3,0.0577812,2020,Pediatric
673,Streptococcus dysgalactiae,3,0.0577812,2020,Pediatric
674,Abiotrophia,2,<0.1,2020,Pediatric
675,Achromobacter denitrificans,2,<0.1,2020,Pediatric
676,Acinetobacter lwoffi,2,<0.1,2020,Pediatric
677,Actinomyces neuii,2,<0.1,2020,Pediatric
678,Achromobacter xylosoxidans,2,<0.1,2020,Pediatric
679,Alpha-hemolytic streptococcus,2,<0.1,2020,Pediatric
680,Bacillus species not Bacillus anthracis,2,<0.1,2020,Pediatric
681,Bacteroides ovatus,2,<0.1,2020,Pediatric
682,Burkholderia cepacia,2,<0.1,2020,Pediatric
683,Candida guilliermondii var membranaefaciens,2,<0.1,2020,Pediatric
684,Chryseobacterium gleum,2,<0.1,2020,Pediatric
685,Chryseobacterium,2,<0.1,2020,Pediatric
686,Citrobacter amalonaticus,2,<0.1,2020,Pediatric
687,Clostridium ramosum,2,<0.1,2020,Pediatric
688,Enterobacteriaceae,2,<0.1,2020,Pediatric
689,Enterococcus raffinosus,2,<0.1,2020,Pediatric
690,Eggerthella lenta,2,<0.1,2020,Pediatric
691,Fusarium,2,<0.1,2020,Pediatric
692,Fusarium proliferatum,2,<0.1,2020,Pediatric
693,Fusobacterium nucleatum ss nucleatum,2,<0.1,2020,Pediatric
694,Granulicatella,2,<0.1,2020,Pediatric
695,Hafnia alvei,2,<0.1,2020,Pediatric
696,Kocuria,2,<0.1,2020,Pediatric
697,Leuconostoc mesenteroides,2,<0.1,2020,Pediatric
698,Moraxella catarrhalis,2,<0.1,2020,Pediatric
699,Moraxella nonliquefaciens,2,<0.1,2020,Pediatric
700,Moraxella,2,<0.1,2020,Pediatric
701,Mycobacterium,2,<0.1,2020,Pediatric
702,Neisseria sicca,2,<0.1,2020,Pediatric
703,Neisseria subflava,2,<0.1,2020,Pediatric
704,Prevotella bivia,2,<0.1,2020,Pediatric
705,Peptostreptococcus,2,<0.1,2020,Pediatric
706,Proteus vulgaris,2,<0.1,2020,Pediatric
707,Raoultella planticola,2,<0.1,2020,Pediatric
708,Roseomonas,2,<0.1,2020,Pediatric
709,Rothia dentocariosa,2,<0.1,2020,Pediatric
710,Serratia liquefaciens,2,<0.1,2020,Pediatric
711,Sphingomonas paucimobilis,2,<0.1,2020,Pediatric
712,Sphingomonas,2,<0.1,2020,Pediatric
713,Staphylococcus saprophyticus,2,<0.1,2020,Pediatric
714,"Beta-hemolytic Streptococcus, group A",2,<0.1,2020,Pediatric
715,Abiotrophia defectiva,2,<0.1,2020,Pediatric
716,Streptococcus parasanguinis,2,<0.1,2020,Pediatric
717,Trichosporon asahii,2,<0.1,2020,Pediatric
718,Trichosporon,2,<0.1,2020,Pediatric
719,Veillonella parvula,2,<0.1,2020,Pediatric
720,Achromobacter xylosoxidans xylosoxidans,1,<0.1,2020,Pediatric
721,Acinetobacter calcoaceticus,1,<0.1,2020,Pediatric
722,Acremonium,1,<0.1,2020,Pediatric
723,Actinomyces urogenitalis,1,<0.1,2020,Pediatric
724,Aerobic bacteria,1,<0.1,2020,Pediatric
725,Aeromonas,1,<0.1,2020,Pediatric
726,Acid-fast bacillus,1,<0.1,2020,Pediatric
727,Aggregatibacter segnis,1,<0.1,2020,Pediatric
728,Anaerobic Gram-negative bacillus,1,<0.1,2020,Pediatric
729,Anaerobic Gram-positive bacillus,1,<0.1,2020,Pediatric
730,Anaerococcus prevotii,1,<0.1,2020,Pediatric
731,Alpha-hemolytic Streptococcus species not Streptococcus pneumoniae,1,<0.1,2020,Pediatric
732,Aspergillus fumigatus,1,<0.1,2020,Pediatric
733,Aspergillus niger,1,<0.1,2020,Pediatric
734,Aspergillus,1,<0.1,2020,Pediatric
735,Aureimonas,1,<0.1,2020,Pediatric
736,Bacteroides caccae,1,<0.1,2020,Pediatric
737,Bacillus cereus group,1,<0.1,2020,Pediatric
738,Bilophila wadsworthia,1,<0.1,2020,Pediatric
739,Brevundimonas diminuta,1,<0.1,2020,Pediatric
740,Burkholderia cepacia complex,1,<0.1,2020,Pediatric
741,Candida famata,1,<0.1,2020,Pediatric
742,Candida kefyr,1,<0.1,2020,Pediatric
743,Candida metapsilosis,1,<0.1,2020,Pediatric
744,Candida stellatoidea,1,<0.1,2020,Pediatric
745,Capnocytophaga gingivalis,1,<0.1,2020,Pediatric
746,Chryseomonas luteola,1,<0.1,2020,Pediatric
747,Citrobacter farmeri,1,<0.1,2020,Pediatric
748,Citrobacter youngae,1,<0.1,2020,Pediatric
749,Cladosporium,1,<0.1,2020,Pediatric
750,Clostridium hathewayi,1,<0.1,2020,Pediatric
751,Clostridium hastiforme,1,<0.1,2020,Pediatric
752,"Clostridium species, not Clostridium perfringens",1,<0.1,2020,Pediatric
753,Clostridium sporogenes,1,<0.1,2020,Pediatric
754,Genus Clostridioides,1,<0.1,2020,Pediatric
755,Clostridium perfringens,1,<0.1,2020,Pediatric
756,Corynebacterium accolens,1,<0.1,2020,Pediatric
757,Corynebacterium glucuronolyticum,1,<0.1,2020,Pediatric
758,Coliform bacteria,1,<0.1,2020,Pediatric
759,Dietzia,1,<0.1,2020,Pediatric
760,Aerobic diphtheroids,1,<0.1,2020,Pediatric
761,Elizabethkingia meningoseptica,1,<0.1,2020,Pediatric
762,Enterobacter asburiae,1,<0.1,2020,Pediatric
763,Enterobacter cancerogenus,1,<0.1,2020,Pediatric
764,Enterobacter cloacae subspecies dissolvens,1,<0.1,2020,Pediatric
765,Enterococcus mundtii,1,<0.1,2020,Pediatric
766,Escherichia hermannii,1,<0.1,2020,Pediatric
767,Exophiala,1,<0.1,2020,Pediatric
768,Facklamia,1,<0.1,2020,Pediatric
769,Finegoldia magna,1,<0.1,2020,Pediatric
770,Flavonifractor plautii,1,<0.1,2020,Pediatric
771,Fusobacterium,1,<0.1,2020,Pediatric
772,Fusobacterium nucleatum ss fusiforme,1,<0.1,2020,Pediatric
773,Gemella morbillorum,1,<0.1,2020,Pediatric
774,Gemella sanguinis,1,<0.1,2020,Pediatric
775,Geotrichum,1,<0.1,2020,Pediatric
776,"Streptococcus, group G",1,<0.1,2020,Pediatric
777,Gram-negative coccus,1,<0.1,2020,Pediatric
778,Non-fermentative Gram-negative bacillus,1,<0.1,2020,Pediatric
779,Gordonia sputi,1,<0.1,2020,Pediatric
780,gamma-hemolytic streptococcus,1,<0.1,2020,Pediatric
781,Gram-variable bacillus,1,<0.1,2020,Pediatric
782,Haemophilus haemolyticus,1,<0.1,2020,Pediatric
783,Hafnia,1,<0.1,2020,Pediatric
784,Human herpes simplex virus,1,<0.1,2020,Pediatric
785,Klebsiella pneumoniae ss. ozaenae,1,<0.1,2020,Pediatric
786,Kluyvera intermedia,1,<0.1,2020,Pediatric
787,Lactobacillus casei,1,<0.1,2020,Pediatric
788,Lactobacillus gasseri,1,<0.1,2020,Pediatric
789,Lactococcus,1,<0.1,2020,Pediatric
790,Leptotrichia trevisanii,1,<0.1,2020,Pediatric
791,Leuconostoc,1,<0.1,2020,Pediatric
792,Lodderomyces elongisporus,1,<0.1,2020,Pediatric
793,Malassezia,1,<0.1,2020,Pediatric
794,Malassezia furfur,1,<0.1,2020,Pediatric
795,Malassezia pachydermatis,1,<0.1,2020,Pediatric
796,Massilia,1,<0.1,2020,Pediatric
797,Micrococcus,1,<0.1,2020,Pediatric
798,Moraxella osloensis,1,<0.1,2020,Pediatric
799,"Mycobacterium, avium-intracellulare group",1,<0.1,2020,Pediatric
800,Mycobacterium simiae,1,<0.1,2020,Pediatric
801,Neisseria elongata,1,<0.1,2020,Pediatric
802,Ochrobactrum anthropi,1,<0.1,2020,Pediatric
803,Paracoccus yeei,1,<0.1,2020,Pediatric
804,Peptoniphilus asaccharolyticus,1,<0.1,2020,Pediatric
805,Peptoniphilus,1,<0.1,2020,Pediatric
806,Pseudomonas fluorescens,1,<0.1,2020,Pediatric
807,Pichia kudriavzevii,1,<0.1,2020,Pediatric
808,Prevotella buccae,1,<0.1,2020,Pediatric
809,Prevotella buccalis,1,<0.1,2020,Pediatric
810,Prevotella denticola,1,<0.1,2020,Pediatric
811,Prevotella loescheii,1,<0.1,2020,Pediatric
812,Prevotella melaninogenica,1,<0.1,2020,Pediatric
813,Propionibacterium,1,<0.1,2020,Pediatric
814,Providencia stuartii,1,<0.1,2020,Pediatric
815,Pseudomonas oryzihabitans,1,<0.1,2020,Pediatric
816,Proteus,1,<0.1,2020,Pediatric
817,Rahnella aquatilis,1,<0.1,2020,Pediatric
818,Raoultella terrigena,1,<0.1,2020,Pediatric
819,Rhodotorula,1,<0.1,2020,Pediatric
820,Rhodotorula rubra,1,<0.1,2020,Pediatric
821,Saprochaete,1,<0.1,2020,Pediatric
822,Scedosporium apiospermum,1,<0.1,2020,Pediatric
823,"Beta-hemolytic streptococcus, non-Group A, non-Group B",1,<0.1,2020,Pediatric
824,Staphylococcus caprae,1,<0.1,2020,Pediatric
825,Staphylococcus delphini,1,<0.1,2020,Pediatric
826,Staphylococcus intermedius,1,<0.1,2020,Pediatric
827,Staphylococcus pettenkoferi,1,<0.1,2020,Pediatric
828,Staphylococcus simulans,1,<0.1,2020,Pediatric
829,Small-colony-forming beta-hemolytic group G streptococci,1,<0.1,2020,Pediatric
830,Streptococcus bovis group,1,<0.1,2020,Pediatric
831,Streptococcus dysgalactiae subsp. dysgalactiae,1,<0.1,2020,Pediatric
832,Streptococcus pseudoporcinus,1,<0.1,2020,Pediatric
833,Streptococcus vestibularis,1,<0.1,2020,Pediatric
834,Streptococcus gordonii,1,<0.1,2020,Pediatric
835,Tsukamurella paurometabola,1,<0.1,2020,Pediatric
836,Tsukamurella,1,<0.1,2020,Pediatric
837,Veillonella,1,<0.1,2020,Pediatric
838,Staphylococcus aureus,907,15.931846127,2021,Pediatric
839,Escherichia coli,690,12.12014755,2021,Pediatric
840,Enterococcus faecalis,545,9.573160021,2021,Pediatric
841,Staphylococcus epidermidis,499,8.765150184,2021,Pediatric
842,Pseudomonas aeruginosa,358,6.288424381,2021,Pediatric
843,Klebsiella pneumoniae,304,5.339891094,2021,Pediatric
844,Candida albicans,143,2.511856666,2021,Pediatric
845,Enterobacter cloacae complex,131,2.301071491,2021,Pediatric
846,Serratia marcescens,130,2.28350606,2021,Pediatric
847,Klebsiella oxytoca,120,2.107851748,2021,Pediatric
848,"Staphylococcus, coagulase negative",99,1.738977692,2021,Pediatric
849,Enterococcus faecium,98,1.721412261,2021,Pediatric
850,Enterobacter cloacae,86,1.510627086,2021,Pediatric
851,Candida parapsilosis,83,1.457930792,2021,Pediatric
852,"Streptococcus, viridans group",70,1.229580186,2021,Pediatric
853,Streptococcus mitis,61,1.071491305,2021,Pediatric
854,Klebsiella aerogenes,51,0.895836993,2021,Pediatric
855,Streptococcus mitis group,50,0.878271562,2021,Pediatric
856,Stenotrophomonas maltophilia,45,0.790444405,2021,Pediatric
857,Proteus mirabilis,40,0.702617249,2021,Pediatric
858,Group B streptococcus,38,0.667486387,2021,Pediatric
859,Citrobacter freundii,32,0.562093799,2021,Pediatric
860,Candida tropicalis,32,0.562093799,2021,Pediatric
861,Genus Enterococcus,27,0.474266643,2021,Pediatric
862,Granulicatella adiacens,27,0.474266643,2021,Pediatric
863,Bacteroides fragilis,26,0.456701212,2021,Pediatric
864,Klebsiella pneumoniae ss. pneumoniae,24,0.42157035,2021,Pediatric
865,Staphylococcus hominis,24,0.42157035,2021,Pediatric
866,Candida lusitaniae,22,0.386439487,2021,Pediatric
867,Lactobacillus,21,0.368874056,2021,Pediatric
868,Rothia mucilaginosa,21,0.368874056,2021,Pediatric
869,Staphylococcus haemolyticus,21,0.368874056,2021,Pediatric
870,Bacteroides thetaiotaomicron,18,0.316177762,2021,Pediatric
871,Candida glabrata,18,0.316177762,2021,Pediatric
872,Enterococcus gallinarum,18,0.316177762,2021,Pediatric
873,Cutibacterium acnes,18,0.316177762,2021,Pediatric
874,Streptococcus oralis,17,0.298612331,2021,Pediatric
875,Streptococcus constellatus,17,0.298612331,2021,Pediatric
876,Candida krusei,16,0.2810469,2021,Pediatric
877,Morganella morganii,16,0.2810469,2021,Pediatric
878,Streptococcus anginosus,16,0.2810469,2021,Pediatric
879,Acinetobacter baumannii,15,0.263481468,2021,Pediatric
880,Streptococcus anginosus group,15,0.263481468,2021,Pediatric
881,Bacteroides fragilis group,14,0.245916037,2021,Pediatric
882,Enterococcus avium,14,0.245916037,2021,Pediatric
883,Yeast,14,0.245916037,2021,Pediatric
884,Clostridium tertium,13,0.228350606,2021,Pediatric
885,Gram-positive coccus,13,0.228350606,2021,Pediatric
886,Klebsiella variicola,12,0.210785175,2021,Pediatric
887,Prevotella,11,0.193219744,2021,Pediatric
888,Staphylococcus capitis,11,0.193219744,2021,Pediatric
889,Streptococcus,11,0.193219744,2021,Pediatric
890,Candida dubliniensis,10,0.175654312,2021,Pediatric
891,Streptococcus pneumoniae,10,0.175654312,2021,Pediatric
892,Bacillus,9,0.158088881,2021,Pediatric
893,Bacteroides ovatus,9,0.158088881,2021,Pediatric
894,Candida parapsilosis complex,9,0.158088881,2021,Pediatric
895,Enterobacter,9,0.158088881,2021,Pediatric
896,Klebsiella,9,0.158088881,2021,Pediatric
897,Pseudomonas,9,0.158088881,2021,Pediatric
898,Acinetobacter,8,0.14052345,2021,Pediatric
899,Gemella haemolysans,8,0.14052345,2021,Pediatric
900,Bacillus cereus,7,0.122958019,2021,Pediatric
901,Citrobacter koseri,7,0.122958019,2021,Pediatric
902,Gram-negative bacillus,7,0.122958019,2021,Pediatric
903,Moraxella nonliquefaciens,7,0.122958019,2021,Pediatric
904,Capnocytophaga,6,0.105392587,2021,Pediatric
905,"Streptococcus, group F",6,0.105392587,2021,Pediatric
906,Leptotrichia,6,0.105392587,2021,Pediatric
907,Leuconostoc,6,0.105392587,2021,Pediatric
908,Staphylococcus lugdunensis,6,0.105392587,2021,Pediatric
909,Staphylococcus warneri,6,0.105392587,2021,Pediatric
910,Abiotrophia defectiva,6,0.105392587,2021,Pediatric
911,Streptococcus sanguinis,6,0.105392587,2021,Pediatric
912,Acinetobacter calcoaceticus-Acinetobacter baumannii complex,5,0.087827156,2021,Pediatric
913,Corynebacterium striatum,5,0.087827156,2021,Pediatric
914,Pluralibacter gergoviae,5,0.087827156,2021,Pediatric
915,Eggerthella lenta,5,0.087827156,2021,Pediatric
916,Gemella,5,0.087827156,2021,Pediatric
917,Micrococcus luteus,5,0.087827156,2021,Pediatric
918,Staphylococcus,5,0.087827156,2021,Pediatric
919,Streptococcus intermedius,5,0.087827156,2021,Pediatric
920,Alpha-hemolytic streptococcus,4,0.070261725,2021,Pediatric
921,Beta-hemolytic streptococcus,4,0.070261725,2021,Pediatric
922,Candida guilliermondii,4,0.070261725,2021,Pediatric
923,Candida orthopsilosis,4,0.070261725,2021,Pediatric
924,Citrobacter amalonaticus,4,0.070261725,2021,Pediatric
925,Clostridium,4,0.070261725,2021,Pediatric
926,Corynebacterium,4,0.070261725,2021,Pediatric
927,Enterobacteriaceae,4,0.070261725,2021,Pediatric
928,Enterococcus durans,4,0.070261725,2021,Pediatric
929,Fusobacterium nucleatum,4,0.070261725,2021,Pediatric
930,Gram-positive bacillus,4,0.070261725,2021,Pediatric
931,Haemophilus influenzae,4,0.070261725,2021,Pediatric
932,Haemophilus parainfluenzae,4,0.070261725,2021,Pediatric
933,Mycobacterium fortuitum,4,0.070261725,2021,Pediatric
934,Neisseria,4,0.070261725,2021,Pediatric
935,Pantoea agglomerans,4,0.070261725,2021,Pediatric
936,Pseudomonas putida,4,0.070261725,2021,Pediatric
937,Rothia,4,0.070261725,2021,Pediatric
938,Serratia liquefaciens,4,0.070261725,2021,Pediatric
939,Trichosporon asahii,4,0.070261725,2021,Pediatric
940,Actinomyces,3,0.0526963,2021,Pediatric
941,Achromobacter xylosoxidans,3,0.0526963,2021,Pediatric
942,Anaerococcus vaginalis,3,0.0526963,2021,Pediatric
943,Bacillus species not Bacillus anthracis,3,0.0526963,2021,Pediatric
944,Bifidobacterium,3,0.0526963,2021,Pediatric
945,Burkholderia cepacia,3,0.0526963,2021,Pediatric
946,Burkholderia cepacia complex,3,0.0526963,2021,Pediatric
947,Capnocytophaga sputigena,3,0.0526963,2021,Pediatric
948,Candida,3,0.0526963,2021,Pediatric
949,Chryseobacterium indologenes,3,0.0526963,2021,Pediatric
950,Clostridium perfringens,3,0.0526963,2021,Pediatric
951,Corynebacterium amycolatum,3,0.0526963,2021,Pediatric
952,Coliform bacteria,3,0.0526963,2021,Pediatric
953,Eikenella corrodens,3,0.0526963,2021,Pediatric
954,Enterobacter hormaechei,3,0.0526963,2021,Pediatric
955,Escherichia,3,0.0526963,2021,Pediatric
956,Finegoldia magna,3,0.0526963,2021,Pediatric
957,Fusobacterium nucleatum ss nucleatum,3,0.0526963,2021,Pediatric
958,Gemella morbillorum,3,0.0526963,2021,Pediatric
959,Lactobacillus rhamnosus,3,0.0526963,2021,Pediatric
960,Leclercia adecarboxylata,3,0.0526963,2021,Pediatric
961,Neisseria mucosa,3,0.0526963,2021,Pediatric
962,Prevotella bivia,3,0.0526963,2021,Pediatric
963,Peptostreptococcus,3,0.0526963,2021,Pediatric
964,Proteus vulgaris,3,0.0526963,2021,Pediatric
965,Staphylococcus hominis hominis,3,0.0526963,2021,Pediatric
966,Staphylococcus pettenkoferi,3,0.0526963,2021,Pediatric
967,Staphylococcus pseudintermedius,3,0.0526963,2021,Pediatric
968,"Beta-hemolytic Streptococcus, group A",3,0.0526963,2021,Pediatric
969,Abiotrophia,2,<0.1,2021,Pediatric
970,Anaerobic Gram-negative bacillus,2,<0.1,2021,Pediatric
971,Aspergillus versicolor,2,<0.1,2021,Pediatric
972,Bacteroides,2,<0.1,2021,Pediatric
973,Candida duobushaemulonii,2,<0.1,2021,Pediatric
974,Candida kefyr,2,<0.1,2021,Pediatric
975,Candida metapsilosis,2,<0.1,2021,Pediatric
976,Candida rugosa,2,<0.1,2021,Pediatric
977,Chryseomonas luteola,2,<0.1,2021,Pediatric
978,Clostridium ramosum,2,<0.1,2021,Pediatric
979,Clostridium septicum,2,<0.1,2021,Pediatric
980,"Staphylococcus, coagulase positive",2,<0.1,2021,Pediatric
981,Cronobacter sakazakii,2,<0.1,2021,Pediatric
982,Eggerthella,2,<0.1,2021,Pediatric
983,Elizabethkingia meningoseptica,2,<0.1,2021,Pediatric
984,Enterococcus raffinosus,2,<0.1,2021,Pediatric
985,Flavonifractor plautii,2,<0.1,2021,Pediatric
986,Fusobacterium,2,<0.1,2021,Pediatric
987,Streptococcus pyogenes,2,<0.1,2021,Pediatric
988,Geotrichum,2,<0.1,2021,Pediatric
989,Hafnia alvei,2,<0.1,2021,Pediatric
990,Kluyvera cryocrescens,2,<0.1,2021,Pediatric
991,Leuconostoc lactis,2,<0.1,2021,Pediatric
992,Malassezia pachydermatis,2,<0.1,2021,Pediatric
993,Micrococcus,2,<0.1,2021,Pediatric
994,Moraxella catarrhalis,2,<0.1,2021,Pediatric
995,"Mycobacterium, avium-intracellulare group",2,<0.1,2021,Pediatric
996,Mycobacterium,2,<0.1,2021,Pediatric
997,Neisseria sicca,2,<0.1,2021,Pediatric
998,Pantoea,2,<0.1,2021,Pediatric
999,Pseudomonas fluorescens,2,<0.1,2021,Pediatric
1000,Prevotella melaninogenica,2,<0.1,2021,Pediatric
1001,Prevotella oris,2,<0.1,2021,Pediatric
1002,Rhizobium radiobacter,2,<0.1,2021,Pediatric
1003,Rothia dentocariosa,2,<0.1,2021,Pediatric
1004,Sphingomonas paucimobilis,2,<0.1,2021,Pediatric
1005,Staphylococcus capitis ss capitis,2,<0.1,2021,Pediatric
1006,Staphylococcus saprophyticus,2,<0.1,2021,Pediatric
1007,Staphylococcus simulans,2,<0.1,2021,Pediatric
1008,Streptococcus dysgalactiae,2,<0.1,2021,Pediatric
1009,Streptococcus parasanguinis,2,<0.1,2021,Pediatric
1010,Trichosporon,2,<0.1,2021,Pediatric
1011,Veillonella parvula,2,<0.1,2021,Pediatric
1012,Veillonella,2,<0.1,2021,Pediatric
1013,Weissella confusa,2,<0.1,2021,Pediatric
1014,Achromobacter denitrificans,1,<0.1,2021,Pediatric
1015,Achromobacter,1,<0.1,2021,Pediatric
1016,Achromobacter xylosoxidans xylosoxidans,1,<0.1,2021,Pediatric
1017,Acinetobacter calcoaceticus,1,<0.1,2021,Pediatric
1018,Acinetobacter pittii,1,<0.1,2021,Pediatric
1019,Acinetobacter ursingii,1,<0.1,2021,Pediatric
1020,Acinetobacter johnsonii,1,<0.1,2021,Pediatric
1021,Acinetobacter lwoffi,1,<0.1,2021,Pediatric
1022,Actinomyces neuii,1,<0.1,2021,Pediatric
1023,Aeromonas,1,<0.1,2021,Pediatric
1024,Agrobacterium,1,<0.1,2021,Pediatric
1025,Aeromonas hydrophila,1,<0.1,2021,Pediatric
1026,Alloiococcus otitis,1,<0.1,2021,Pediatric
1027,Anaerobic Gram-positive bacillus,1,<0.1,2021,Pediatric
1028,Anaerococcus prevotii,1,<0.1,2021,Pediatric
1029,Alpha-hemolytic Streptococcus species not Streptococcus pneumoniae,1,<0.1,2021,Pediatric
1030,Aspergillus,1,<0.1,2021,Pediatric
1031,Parabacteroides distasonis,1,<0.1,2021,Pediatric
1032,Bacillus subtilis group,1,<0.1,2021,Pediatric
1033,Bacteroides uniformis,1,<0.1,2021,Pediatric
1034,Bacteroides vulgatus,1,<0.1,2021,Pediatric
1035,Burkholderia gladioli,1,<0.1,2021,Pediatric
1036,Burkholderia,1,<0.1,2021,Pediatric
1037,Candida lipolytica,1,<0.1,2021,Pediatric
1038,Candida norvegensis,1,<0.1,2021,Pediatric
1039,Candida utilis,1,<0.1,2021,Pediatric
1040,Clostridioides difficile,1,<0.1,2021,Pediatric
1041,Chryseobacterium,1,<0.1,2021,Pediatric
1042,Citrobacter youngae,1,<0.1,2021,Pediatric
1043,Clostridium clostridioforme,1,<0.1,2021,Pediatric
1044,Clostridium innocuum,1,<0.1,2021,Pediatric
1045,Clostridium paraputrificum,1,<0.1,2021,Pediatric
1046,Clostridium sphenoides,1,<0.1,2021,Pediatric
1047,Corynebacterium jeikeium,1,<0.1,2021,Pediatric
1048,Corynebacterium pseudodiphtheriticum,1,<0.1,2021,Pediatric
1049,Citrobacter,1,<0.1,2021,Pediatric
1050,Cupriavidus,1,<0.1,2021,Pediatric
1051,Curvularia,1,<0.1,2021,Pediatric
1052,Cyberlindnera fabianii,1,<0.1,2021,Pediatric
1053,Delftia acidovorans,1,<0.1,2021,Pediatric
1054,Dermacoccus nishinomiyaensis,1,<0.1,2021,Pediatric
1055,Diphtheroids,1,<0.1,2021,Pediatric
1056,Aerobic diphtheroids,1,<0.1,2021,Pediatric
1057,Elizabethkingia,1,<0.1,2021,Pediatric
1058,Enterobacter amnigenus,1,<0.1,2021,Pediatric
1059,Enterococcus casseliflavus,1,<0.1,2021,Pediatric
1060,Enterococcus hirae,1,<0.1,2021,Pediatric
1061,Escherichia vulneris,1,<0.1,2021,Pediatric
1062,Ewingella americana,1,<0.1,2021,Pediatric
1063,Exophiala,1,<0.1,2021,Pediatric
1064,Fungi,1,<0.1,2021,Pediatric
1065,Gemella sanguinis,1,<0.1,2021,Pediatric
1066,Fermentative Gram-negative bacillus,1,<0.1,2021,Pediatric
1067,Granulicatella,1,<0.1,2021,Pediatric
1068,Haemophilus haemolyticus,1,<0.1,2021,Pediatric
1069,Helicobacter pylori,1,<0.1,2021,Pediatric
1070,Haemophilus,1,<0.1,2021,Pediatric
1071,Kluyvera ascorbata,1,<0.1,2021,Pediatric
1072,Lactobacillus brevis,1,<0.1,2021,Pediatric
1073,Lactococcus lactis,1,<0.1,2021,Pediatric
1074,Lactococcus,1,<0.1,2021,Pediatric
1075,Leptotrichia trevisanii,1,<0.1,2021,Pediatric
1076,Leuconostoc pseudomesenteroides,1,<0.1,2021,Pediatric
1077,Malassezia furfur,1,<0.1,2021,Pediatric
1078,Microbacterium,1,<0.1,2021,Pediatric
1079,Mold,1,<0.1,2021,Pediatric
1080,Mycoplasma hominis,1,<0.1,2021,Pediatric
1081,Mycobacterium neoaurum,1,<0.1,2021,Pediatric
1082,Neisseria cinerea,1,<0.1,2021,Pediatric
1083,Neisseria subflava,1,<0.1,2021,Pediatric
1084,Nocardia nova,1,<0.1,2021,Pediatric
1085,Nutritionally variant streptococci,1,<0.1,2021,Pediatric
1086,Ochrobactrum,1,<0.1,2021,Pediatric
1087,Pediococcus,1,<0.1,2021,Pediatric
1088,Peptoniphilus asaccharolyticus,1,<0.1,2021,Pediatric
1089,Porphyromonas somerae,1,<0.1,2021,Pediatric
1090,Prevotella buccae,1,<0.1,2021,Pediatric
1091,Prevotella denticola,1,<0.1,2021,Pediatric
1092,Prevotella intermedia,1,<0.1,2021,Pediatric
1093,Prevotella loescheii,1,<0.1,2021,Pediatric
1094,Propionibacterium granulosum,1,<0.1,2021,Pediatric
1095,Propionibacterium,1,<0.1,2021,Pediatric
1096,Providencia stuartii,1,<0.1,2021,Pediatric
1097,Proteus penneri,1,<0.1,2021,Pediatric
1098,Peptostreptococcus anaerobius,1,<0.1,2021,Pediatric
1099,Pseudomonas oryzihabitans,1,<0.1,2021,Pediatric
1100,Pseudomonas stutzeri,1,<0.1,2021,Pediatric
1101,Proteus,1,<0.1,2021,Pediatric
1102,Raoultella ornithinolytica,1,<0.1,2021,Pediatric
1103,Rhizopus,1,<0.1,2021,Pediatric
1104,Rhodotorula,1,<0.1,2021,Pediatric
1105,Rhodotorula glutinis,1,<0.1,2021,Pediatric
1106,"Streptococcus, group C",1,<0.1,2021,Pediatric
1107,"Beta-hemolytic streptococcus, non-Group A, non-Group B",1,<0.1,2021,Pediatric
1108,Staphylococcus caprae,1,<0.1,2021,Pediatric
1109,Staphylococcus capitis subspecies urealyticus,1,<0.1,2021,Pediatric
1110,Staphylococcus delphini,1,<0.1,2021,Pediatric
1111,Staphylococcus hyicus,1,<0.1,2021,Pediatric
1112,Staphylococcus intermedius,1,<0.1,2021,Pediatric
1113,Staphylococcus saccharolyticus,1,<0.1,2021,Pediatric
1114,Streptococcus canis,1,<0.1,2021,Pediatric
1115,Streptococcus constellatus subspecies constellatus,1,<0.1,2021,Pediatric
1116,Streptococcus gallolyticus,1,<0.1,2021,Pediatric
1117,Streptococcus lutetiensis,1,<0.1,2021,Pediatric
1118,Streptococcus salivarius group,1,<0.1,2021,Pediatric
1119,Streptococcus gordonii,1,<0.1,2021,Pediatric
1120,Streptococcus salivarius,1,<0.1,2021,Pediatric
1121,Varicellovirus,1,<0.1,2021,Pediatric
